id,site,league,slate,site_id,name,period,max_entries,max_entrants,cost,prizepool,places_paid,total_entrants,winning_score,mincash_score,startdate,winning_payout,mincash_payout,DateTime,Title,game_cnt,winner_cnt,winner,has_lineups
530403329,draftkings,LOL,38570,90132897,LOL $50K Shock Blast [$10K to 1st] (LCK),2020-08-21,117,3921,15.0,50000.0,,,,,1597996800,,,2020-08-21 04:00:00,(LCK),2,0,,0
530036450,fanduel,LOL,48505,48505-236579140,$150 Fri LOL Minion Wave ($0.05 to Enter),2020-08-21,107,3592,0.05,150.0,,,,,1597996800,,,2020-08-21 04:00:00,LCK Main,2,0,,0
530036446,fanduel,LOL,48505,48505-236579210,$6K Fri LOL Nexus ($1K to 1st),2020-08-21,48,1608,4.44,6000.0,,,,,1597996800,,,2020-08-21 04:00:00,LCK Main,2,0,,0
530403331,draftkings,LOL,38570,90132893,LOL $5K Elder Dragon [20 Entry Max] (LCK),2020-08-21,20,1486,4.0,5000.0,,,,,1597996800,,,2020-08-21 04:00:00,(LCK),2,0,,0
530403346,draftkings,LOL,38570,90132878,LOL $1K First Blood (LCK),2020-08-21,20,1189,1.0,1000.0,,,,,1597996800,,,2020-08-21 04:00:00,(LCK),2,0,,0
530403349,draftkings,LOL,38570,90132882,LOL $100 Dime Time [Just $0.10!] (LCK),2020-08-21,20,1189,0.1,100.0,,,,,1597996800,,,2020-08-21 04:00:00,(LCK),2,0,,0
530403347,draftkings,LOL,38570,90132880,LOL $200 Quarter Jukebox [Just $0.25!] (LCK),2020-08-21,20,951,0.25,200.0,,,,,1597996800,,,2020-08-21 04:00:00,(LCK),2,0,,0
530547912,draftkings,LOL,38574,90149065,LOL $8K Titan's Fury [$2K to 1st] (LEC-LCS),2020-08-21,28,941,10.0,8000.0,,,,,1598025600,,,2020-08-21 12:00:00,(LEC/LCS),2,0,,0
530036448,fanduel,LOL,48505,48505-236579150,$150 Fri LOL Turret ($0.25 to Enter),2020-08-21,21,718,0.25,150.0,,,,,1597996800,,,2020-08-21 04:00:00,LCK Main,2,0,,0
530547927,draftkings,LOL,38574,90149061,LOL $50 Dime Time [Just $0.10!] (LEC-LCS),2020-08-21,17,594,0.1,50.0,,,,,1598025600,,,2020-08-21 12:00:00,(LEC/LCS),2,0,,0
530547925,draftkings,LOL,38574,90149055,LOL $100 Quarter Jukebox [Just $0.25!]  (LEC-LCS),2020-08-21,14,475,0.25,100.0,,,,,1598025600,,,2020-08-21 12:00:00,(LEC/LCS),2,0,,0
528541221,fanduel,LOL,48499,48499-236454681,$1K LOL Nexus,2020-08-21,11,396,3.0,1000.0,,,,,1598025600,,,2020-08-21 12:00:00,LEC LCS Playoffs,2,0,,0
530547915,draftkings,LOL,38574,90149056,LOL $1K Critical Strike (LEC-LCS),2020-08-21,11,396,3.0,1000.0,,,,,1598025600,,,2020-08-21 12:00:00,(LEC/LCS),2,0,,0
530547924,draftkings,LOL,38574,90149054,LOL $300 First Blood (LEC-LCS),2020-08-21,10,356,1.0,300.0,,,,,1598025600,,,2020-08-21 12:00:00,(LEC/LCS),2,0,,0
530403343,draftkings,LOL,38570,90132885,LOL $750 Trident Slash [3 Entry Max] (LCK),2020-08-21,3,297,3.0,750.0,,,,,1597996800,,,2020-08-21 04:00:00,(LCK),2,0,,0
530036438,fanduel,LOL,48505,48505-236579208,$200 Fri LOL Tower Dive (Single Entry),2020-08-21,1,238,1.0,200.0,,,,,1597996800,,,2020-08-21 04:00:00,LCK Main,2,0,,0
530437221,draftkings,LOL,38570,90135474,LOL SUPERSatellite to $5M Fantasy Football Millionaire [9x] (LCK,2020-08-21,6,214,0.25,45.0,,,,,1597996800,,,2020-08-21 04:00:00,(LCK),2,0,,0
530437220,draftkings,LOL,38570,90135475,LOL SUPERSatellite to $3M Kickoff Thursday Millionaire [4x] (LCK,2020-08-21,5,190,0.25,40.0,,,,,1597996800,,,2020-08-21 04:00:00,(LCK),2,0,,0
530403344,draftkings,LOL,38570,90132886,LOL $750 Solo Fight [Single Entry]  (LCK),2020-08-21,1,178,5.0,750.0,,,,,1597996800,,,2020-08-21 04:00:00,(LCK),2,0,,0
530403348,draftkings,LOL,38570,90132877,LOL $150 Daily Dollar [Single Entry] (LCK),2020-08-21,1,178,1.0,150.0,,,,,1597996800,,,2020-08-21 04:00:00,(LCK),2,0,,0
528541223,fanduel,LOL,48499,48499-236454682,$100 LOL Tower Dive,2020-08-21,1,119,1.0,100.0,,,,,1598025600,,,2020-08-21 12:00:00,LEC LCS Playoffs,2,0,,0
530547916,draftkings,LOL,38574,90149064,LOL $500 Solo Fight [Single Entry] (LEC-LCS),2020-08-21,1,118,5.0,500.0,,,,,1598025600,,,2020-08-21 12:00:00,(LEC/LCS),2,0,,0
530403339,draftkings,LOL,38570,90132888, LOL Single Entry $5 Double Up (LCK),2020-08-21,1,114,5.0,500.0,,,,,1597996800,,,2020-08-21 04:00:00,(LCK),2,0,,0
530403341,draftkings,LOL,38570,90132889, LOL Single Entry $5 Double Up (LCK),2020-08-21,1,114,5.0,500.0,,,,,1597996800,,,2020-08-21 04:00:00,(LCK),2,0,,0
530403332,draftkings,LOL,38570,90132894,LOL $4K Bounty Hunter [$1K to 1st] (LCK),2020-08-21,3,106,44.0,4000.0,,,,,1597996800,,,2020-08-21 04:00:00,(LCK),2,0,,0
530403330,draftkings,LOL,38570,90132892,LOL $21K Triumphant Warrior [$5K to 1st] (LCK),2020-08-21,2,70,333.0,21000.0,,,,,1597996800,,,2020-08-21 04:00:00,(LCK),2,0,,0
530547926,draftkings,LOL,38574,90149058,LOL $50 Daily Dollar [Single Entry] (LEC-LCS),2020-08-21,1,59,1.0,50.0,,,,,1598025600,,,2020-08-21 12:00:00,(LEC/LCS),2,0,,0
530403345,draftkings,LOL,38570,90132884,LOL $600 Solo Kill [Single Entry] (LCK),2020-08-21,1,58,12.0,600.0,,,,,1597996800,,,2020-08-21 04:00:00,(LCK),2,0,,0
530036458,fanduel,LOL,48505,48505-236578484,$100 LOL Double Up ($2),2020-08-21,1,56,2.0,100.0,,,,,1597996800,,,2020-08-21 04:00:00,LCK Main,2,0,,0
530036460,fanduel,LOL,48505,48505-236578485,$100 LOL Double Up ($2),2020-08-21,1,56,2.0,100.0,,,,,1597996800,,,2020-08-21 04:00:00,LCK Main,2,0,,0
530036462,fanduel,LOL,48505,48505-236578486,$250 LOL Double Up ($5),2020-08-21,1,56,5.0,250.0,,,,,1597996800,,,2020-08-21 04:00:00,LCK Main,2,0,,0
530403335,draftkings,LOL,38570,90132895,LOL $1.25K Single-Target [Single Entry] (LCK),2020-08-21,1,53,27.0,1250.0,,,,,1597996800,,,2020-08-21 04:00:00,(LCK),2,0,,0
528541206,fanduel,LOL,48499,48499-236454658,50/50 Contest ($1 - Top 50% Win),2020-08-21,1,50,1.0,45.0,,,,,1598025600,,,2020-08-21 12:00:00,LEC LCS Playoffs,2,0,,0
528541211,fanduel,LOL,48499,48499-236454670,50/50 Contest ($25 - Top 50% Win),2020-08-21,1,50,25.0,1125.0,,,,,1598025600,,,2020-08-21 12:00:00,LEC LCS Playoffs,2,0,,0
530036426,fanduel,LOL,48505,48505-236578461,50/50 Contest ($1 - Top 50% Win),2020-08-21,1,50,1.0,45.0,,,,,1597996800,,,2020-08-21 04:00:00,LCK Main,2,0,,0
530036434,fanduel,LOL,48505,48505-236578473,50/50 Contest ($25 - Top 50% Win),2020-08-21,1,50,25.0,1125.0,,,,,1597996800,,,2020-08-21 04:00:00,LCK Main,2,0,,0
530036442,fanduel,LOL,48505,48505-236579212,$200 Fri LOL Pentakill (Single Entry),2020-08-21,1,47,5.0,200.0,,,,,1597996800,,,2020-08-21 04:00:00,LCK Main,2,0,,0
530403340,draftkings,LOL,38570,90132887,LOL Single Entry $25 Double Up (LCK),2020-08-21,1,45,25.0,1000.0,,,,,1597996800,,,2020-08-21 04:00:00,(LCK),2,0,,0
530437225,draftkings,LOL,38570,90135449,LOL 10x Booster [Top 3 Win $20] (LCK),2020-08-21,1,35,2.0,60.0,,,,,1597996800,,,2020-08-21 04:00:00,(LCK),2,0,,0
530437226,draftkings,LOL,38570,90135464,LOL $1 Triple Up [Top 9 Win $3] (LCK),2020-08-21,1,31,1.0,27.0,,,,,1597996800,,,2020-08-21 04:00:00,(LCK),2,0,,0
530403338,draftkings,LOL,38570,90132879,LOL $2.7K Power Spike [Single Entry] (LCK),2020-08-21,1,30,100.0,2700.0,,,,,1597996800,,,2020-08-21 04:00:00,(LCK),2,0,,0
530437222,draftkings,LOL,38570,90135473,LOL Satellite to EPL Season Kickoff (9-12) (LCK),2020-08-21,1,26,0.5,11.0,,,,,1597996800,,,2020-08-21 04:00:00,(LCK),2,0,,0
530547920,draftkings,LOL,38574,90149067,LOL $250 Solo Kill [Single Entry] (LEC-LCS),2020-08-21,1,24,12.0,250.0,,,,,1598025600,,,2020-08-21 12:00:00,(LEC/LCS),2,0,,0
530437235,draftkings,LOL,38570,90135466,LOL $5 Double Up (LCK),2020-08-21,1,23,5.0,100.0,,,,,1597996800,,,2020-08-21 04:00:00,(LCK),2,0,,0
530437237,draftkings,LOL,38570,90135467,LOL $3 Double Up (LCK),2020-08-21,1,23,3.0,60.0,,,,,1597996800,,,2020-08-21 04:00:00,(LCK),2,0,,0
530437239,draftkings,LOL,38570,90135471,LOL $1 Double Up (LCK),2020-08-21,1,23,1.0,20.0,,,,,1597996800,,,2020-08-21 04:00:00,(LCK),2,0,,0
530437240,draftkings,LOL,38570,90135470,LOL $1 Double Up (LCK),2020-08-21,1,23,1.0,20.0,,,,,1597996800,,,2020-08-21 04:00:00,(LCK),2,0,,0
530437241,draftkings,LOL,38570,90135469,LOL $1 Double Up (LCK),2020-08-21,1,23,1.0,20.0,,,,,1597996800,,,2020-08-21 04:00:00,(LCK),2,0,,0
530437242,draftkings,LOL,38570,90135468,LOL $1 Double Up (LCK),2020-08-21,1,23,1.0,20.0,,,,,1597996800,,,2020-08-21 04:00:00,(LCK),2,0,,0
530437243,draftkings,LOL,38570,90135462,LOL $1 Double Up (LCK),2020-08-21,1,23,1.0,20.0,,,,,1597996800,,,2020-08-21 04:00:00,(LCK),2,0,,0
530547932,draftkings,LOL,38574,90149250,LOL $5 Double Up (LEC-LCS),2020-08-21,1,23,5.0,100.0,,,,,1598025600,,,2020-08-21 12:00:00,(LEC/LCS),2,0,,0
530547933,draftkings,LOL,38574,90149251,LOL $3 Double Up (LEC-LCS),2020-08-21,1,23,3.0,60.0,,,,,1598025600,,,2020-08-21 12:00:00,(LEC/LCS),2,0,,0
530547934,draftkings,LOL,38574,90149245,LOL $1 Double Up (LEC-LCS),2020-08-21,1,23,1.0,20.0,,,,,1598025600,,,2020-08-21 12:00:00,(LEC/LCS),2,0,,0
530547935,draftkings,LOL,38574,90149244,LOL $1 Double Up (LEC-LCS),2020-08-21,1,23,1.0,20.0,,,,,1598025600,,,2020-08-21 12:00:00,(LEC/LCS),2,0,,0
530547936,draftkings,LOL,38574,90149243,LOL $1 Double Up (LEC-LCS),2020-08-21,1,23,1.0,20.0,,,,,1598025600,,,2020-08-21 12:00:00,(LEC/LCS),2,0,,0
530403342,draftkings,LOL,38570,90132883,LOL Single Entry $25 Double Up (LCK),2020-08-21,1,22,25.0,500.0,,,,,1597996800,,,2020-08-21 04:00:00,(LCK),2,0,,0
530424535,draftkings,LOL,38570,90134968,LOL $50 Double Up (LCK),2020-08-21,1,22,50.0,1000.0,,,,,1597996800,,,2020-08-21 04:00:00,(LCK),2,0,,0
530424537,draftkings,LOL,38570,90134966,LOL $25 Double Up (LCK),2020-08-21,1,22,25.0,500.0,,,,,1597996800,,,2020-08-21 04:00:00,(LCK),2,0,,0
530547922,draftkings,LOL,38574,90149063,LOL Single Entry $25 Double Up (LEC-LCS),2020-08-21,1,22,25.0,500.0,,,,,1598025600,,,2020-08-21 12:00:00,(LEC/LCS),2,0,,0
530547955,draftkings,LOL,38574,90149193,LOL $50 Double Up (LEC-LCS),2020-08-21,1,22,50.0,1000.0,,,,,1598025600,,,2020-08-21 12:00:00,(LEC/LCS),2,0,,0
530547957,draftkings,LOL,38574,90149191,LOL $25 Double Up (LEC-LCS),2020-08-21,1,22,25.0,500.0,,,,,1598025600,,,2020-08-21 12:00:00,(LEC/LCS),2,0,,0
530547917,draftkings,LOL,38574,90149059,LOL $600 Last Hit (LEC-LCS),2020-08-21,1,21,33.0,600.0,,,,,1598025600,,,2020-08-21 12:00:00,(LEC/LCS),2,0,,0
528541159,fanduel,LOL,48499,48499-236454380,20-Player Contest ($25 - Top 3 Win),2020-08-21,1,20,25.0,450.0,,,,,1598025600,,,2020-08-21 12:00:00,LEC LCS Playoffs,2,0,,0
528541160,fanduel,LOL,48499,48499-236454382,20-Player Contest ($109 - Top 4 Win),2020-08-21,1,20,109.0,2000.0,,,,,1598025600,,,2020-08-21 12:00:00,LEC LCS Playoffs,2,0,,0
528541161,fanduel,LOL,48499,48499-236454381,20-Player Contest ($50 - Top 3 Win),2020-08-21,1,20,50.0,900.0,,,,,1598025600,,,2020-08-21 12:00:00,LEC LCS Playoffs,2,0,,0
528541190,fanduel,LOL,48499,48499-236454373,20-Player Contest ($1 - Top 3 Win),2020-08-21,1,20,1.0,18.0,,,,,1598025600,,,2020-08-21 12:00:00,LEC LCS Playoffs,2,0,,0
528541192,fanduel,LOL,48499,48499-236454375,20-Player Contest ($2 - Top 3 Win),2020-08-21,1,20,2.0,36.0,,,,,1598025600,,,2020-08-21 12:00:00,LEC LCS Playoffs,2,0,,0
528541193,fanduel,LOL,48499,48499-236454374,20-Player Contest ($1 - Top 3 Win),2020-08-21,1,20,1.0,18.0,,,,,1598025600,,,2020-08-21 12:00:00,LEC LCS Playoffs,2,0,,0
528541194,fanduel,LOL,48499,48499-236454377,20-Player Contest ($5 - Top 3 Win),2020-08-21,1,20,5.0,90.0,,,,,1598025600,,,2020-08-21 12:00:00,LEC LCS Playoffs,2,0,,0
528541198,fanduel,LOL,48499,48499-236454379,20-Player Contest ($10 - Top 3 Win),2020-08-21,1,20,10.0,180.0,,,,,1598025600,,,2020-08-21 12:00:00,LEC LCS Playoffs,2,0,,0
528541200,fanduel,LOL,48499,48499-236454653,20-Player Contest ($270 - Top 4 Win),2020-08-21,1,20,270.0,5000.0,,,,,1598025600,,,2020-08-21 12:00:00,LEC LCS Playoffs,2,0,,0
528541201,fanduel,LOL,48499,48499-236454667,50/50 Contest ($10 - Top 50% Win),2020-08-21,1,20,10.0,180.0,,,,,1598025600,,,2020-08-21 12:00:00,LEC LCS Playoffs,2,0,,0
528541202,fanduel,LOL,48499,48499-236454678,50/50 Contest ($530 - Top 50% Win),2020-08-21,1,20,530.0,10000.0,,,,,1598025600,,,2020-08-21 12:00:00,LEC LCS Playoffs,2,0,,0
528541203,fanduel,LOL,48499,48499-236454656,50/50 Contest ($1 - Top 50% Win),2020-08-21,1,20,1.0,18.0,,,,,1598025600,,,2020-08-21 12:00:00,LEC LCS Playoffs,2,0,,0
528541205,fanduel,LOL,48499,48499-236454655,50/50 Contest ($1 - Top 50% Win),2020-08-21,1,20,1.0,18.0,,,,,1598025600,,,2020-08-21 12:00:00,LEC LCS Playoffs,2,0,,0
528541207,fanduel,LOL,48499,48499-236454669,50/50 Contest ($25 - Top 50% Win),2020-08-21,1,20,25.0,450.0,,,,,1598025600,,,2020-08-21 12:00:00,LEC LCS Playoffs,2,0,,0
528541209,fanduel,LOL,48499,48499-236454657,50/50 Contest ($1 - Top 50% Win),2020-08-21,1,20,1.0,18.0,,,,,1598025600,,,2020-08-21 12:00:00,LEC LCS Playoffs,2,0,,0
528541210,fanduel,LOL,48499,48499-236454659,50/50 Contest ($2 - Top 50% Win),2020-08-21,1,20,2.0,36.0,,,,,1598025600,,,2020-08-21 12:00:00,LEC LCS Playoffs,2,0,,0
528541213,fanduel,LOL,48499,48499-236454672,50/50 Contest ($50 - Top 50% Win),2020-08-21,1,20,50.0,900.0,,,,,1598025600,,,2020-08-21 12:00:00,LEC LCS Playoffs,2,0,,0
528541215,fanduel,LOL,48499,48499-236454663,50/50 Contest ($5 - Top 50% Win),2020-08-21,1,20,5.0,90.0,,,,,1598025600,,,2020-08-21 12:00:00,LEC LCS Playoffs,2,0,,0
528541216,fanduel,LOL,48499,48499-236454674,50/50 Contest ($109 - Top 50% Win),2020-08-21,1,20,109.0,2000.0,,,,,1598025600,,,2020-08-21 12:00:00,LEC LCS Playoffs,2,0,,0
528541218,fanduel,LOL,48499,48499-236454654,50/50 Contest ($1 - Top 50% Win),2020-08-21,1,20,1.0,18.0,,,,,1598025600,,,2020-08-21 12:00:00,LEC LCS Playoffs,2,0,,0
528541219,fanduel,LOL,48499,48499-236454676,50/50 Contest ($270 - Top 50% Win),2020-08-21,1,20,270.0,5000.0,,,,,1598025600,,,2020-08-21 12:00:00,LEC LCS Playoffs,2,0,,0
529241728,fanduel,LOL,48499,48499-236454661,50/50 Contest ($2 - Top 50% Win),2020-08-21,1,20,2.0,36.0,,,,,1598025600,,,2020-08-21 12:00:00,LEC LCS Playoffs,2,0,,0
529241729,fanduel,LOL,48499,48499-236454660,50/50 Contest ($2 - Top 50% Win),2020-08-21,1,20,2.0,36.0,,,,,1598025600,,,2020-08-21 12:00:00,LEC LCS Playoffs,2,0,,0
529241734,fanduel,LOL,48499,48499-236454662,50/50 Contest ($2 - Top 50% Win),2020-08-21,1,20,2.0,36.0,,,,,1598025600,,,2020-08-21 12:00:00,LEC LCS Playoffs,2,0,,0
529241792,fanduel,LOL,48499,48499-236454376,20-Player Contest ($2 - Top 3 Win),2020-08-21,1,20,2.0,36.0,,,,,1598025600,,,2020-08-21 12:00:00,LEC LCS Playoffs,2,0,,0
530036406,fanduel,LOL,48505,48505-236578457,50/50 Contest ($1 - Top 50% Win),2020-08-21,1,20,1.0,18.0,,,,,1597996800,,,2020-08-21 04:00:00,LCK Main,2,0,,0
530036408,fanduel,LOL,48505,48505-236578479,50/50 Contest ($270 - Top 50% Win),2020-08-21,1,20,270.0,5000.0,,,,,1597996800,,,2020-08-21 04:00:00,LCK Main,2,0,,0
530036412,fanduel,LOL,48505,48505-236578475,50/50 Contest ($50 - Top 50% Win),2020-08-21,1,20,50.0,900.0,,,,,1597996800,,,2020-08-21 04:00:00,LCK Main,2,0,,0
530036416,fanduel,LOL,48505,48505-236578466,50/50 Contest ($5 - Top 50% Win),2020-08-21,1,20,5.0,90.0,,,,,1597996800,,,2020-08-21 04:00:00,LCK Main,2,0,,0
530036418,fanduel,LOL,48505,48505-236578477,50/50 Contest ($109 - Top 50% Win),2020-08-21,1,20,109.0,2000.0,,,,,1597996800,,,2020-08-21 04:00:00,LCK Main,2,0,,0
530036420,fanduel,LOL,48505,48505-236578470,50/50 Contest ($10 - Top 50% Win),2020-08-21,1,20,10.0,180.0,,,,,1597996800,,,2020-08-21 04:00:00,LCK Main,2,0,,0
530036422,fanduel,LOL,48505,48505-236578481,50/50 Contest ($530 - Top 50% Win),2020-08-21,1,20,530.0,10000.0,,,,,1597996800,,,2020-08-21 04:00:00,LCK Main,2,0,,0
530036428,fanduel,LOL,48505,48505-236578472,50/50 Contest ($25 - Top 50% Win),2020-08-21,1,20,25.0,450.0,,,,,1597996800,,,2020-08-21 04:00:00,LCK Main,2,0,,0
530036432,fanduel,LOL,48505,48505-236578462,50/50 Contest ($2 - Top 50% Win),2020-08-21,1,20,2.0,36.0,,,,,1597996800,,,2020-08-21 04:00:00,LCK Main,2,0,,0
530036494,fanduel,LOL,48505,48505-236578446,20-Player Contest ($1 - Top 3 Win),2020-08-21,1,20,1.0,18.0,,,,,1597996800,,,2020-08-21 04:00:00,LCK Main,2,0,,0
530036498,fanduel,LOL,48505,48505-236578448,20-Player Contest ($2 - Top 3 Win),2020-08-21,1,20,2.0,36.0,,,,,1597996800,,,2020-08-21 04:00:00,LCK Main,2,0,,0
530036514,fanduel,LOL,48505,48505-236578456,20-Player Contest ($270 - Top 4 Win),2020-08-21,1,20,270.0,5000.0,,,,,1597996800,,,2020-08-21 04:00:00,LCK Main,2,0,,0
530036520,fanduel,LOL,48505,48505-236578452,20-Player Contest ($10 - Top 3 Win),2020-08-21,1,20,10.0,180.0,,,,,1597996800,,,2020-08-21 04:00:00,LCK Main,2,0,,0
530036522,fanduel,LOL,48505,48505-236578453,20-Player Contest ($25 - Top 3 Win),2020-08-21,1,20,25.0,450.0,,,,,1597996800,,,2020-08-21 04:00:00,LCK Main,2,0,,0
530036526,fanduel,LOL,48505,48505-236578454,20-Player Contest ($50 - Top 3 Win),2020-08-21,1,20,50.0,900.0,,,,,1597996800,,,2020-08-21 04:00:00,LCK Main,2,0,,0
530036528,fanduel,LOL,48505,48505-236578455,20-Player Contest ($109 - Top 4 Win),2020-08-21,1,20,109.0,2000.0,,,,,1597996800,,,2020-08-21 04:00:00,LCK Main,2,0,,0
530036530,fanduel,LOL,48505,48505-236578450,20-Player Contest ($5 - Top 3 Win),2020-08-21,1,20,5.0,90.0,,,,,1597996800,,,2020-08-21 04:00:00,LCK Main,2,0,,0
530547913,draftkings,LOL,38574,90149057,LOL $1.8K Power Spike [Single Entry] (LEC-LCS),2020-08-21,1,20,100.0,1800.0,,,,,1598025600,,,2020-08-21 12:00:00,(LEC/LCS),2,0,,0
530036444,fanduel,LOL,48505,48505-236579213,$500 Fri LOL Elder Drake,2020-08-21,1,18,33.0,500.0,,,,,1597996800,,,2020-08-21 04:00:00,LCK Main,2,0,,0
530437236,draftkings,LOL,38570,90135451,LOL $5 Double Up (LCK),2020-08-21,1,16,5.0,70.0,,,,,1597996800,,,2020-08-21 04:00:00,(LCK),2,0,,0
530437238,draftkings,LOL,38570,90135461,LOL $3 Double Up (LCK),2020-08-21,1,16,3.0,42.0,,,,,1597996800,,,2020-08-21 04:00:00,(LCK),2,0,,0
530403337,draftkings,LOL,38570,90132881,LOL $1.17K Power Spike [Single Entry] (LCK),2020-08-21,1,13,100.0,1170.0,,,,,1597996800,,,2020-08-21 04:00:00,(LCK),2,0,,0
530424536,draftkings,LOL,38570,90134967,LOL $50 Double Up (LCK),2020-08-21,1,11,50.0,500.0,,,,,1597996800,,,2020-08-21 04:00:00,(LCK),2,0,,0
530424538,draftkings,LOL,38570,90134965,LOL $25 Double Up (LCK),2020-08-21,1,11,25.0,250.0,,,,,1597996800,,,2020-08-21 04:00:00,(LCK),2,0,,0
530424543,draftkings,LOL,38570,90134964,LOL $10 Double Up (LCK),2020-08-21,1,11,10.0,100.0,,,,,1597996800,,,2020-08-21 04:00:00,(LCK),2,0,,0
530424548,draftkings,LOL,38570,90134969,LOL $5 Double Up (LCK),2020-08-21,1,11,5.0,50.0,,,,,1597996800,,,2020-08-21 04:00:00,(LCK),2,0,,0
530424551,draftkings,LOL,38570,90134970,LOL $3 Double Up (LCK),2020-08-21,1,11,3.0,30.0,,,,,1597996800,,,2020-08-21 04:00:00,(LCK),2,0,,0
530424560,draftkings,LOL,38570,90134971,LOL $1 Double Up (LCK),2020-08-21,1,11,1.0,10.0,,,,,1597996800,,,2020-08-21 04:00:00,(LCK),2,0,,0
530437227,draftkings,LOL,38570,90135472,LOL $100 Double Up (LCK),2020-08-21,1,11,100.0,1000.0,,,,,1597996800,,,2020-08-21 04:00:00,(LCK),2,0,,0
530437228,draftkings,LOL,38570,90135450,LOL $50 Double Up (LCK),2020-08-21,1,11,50.0,500.0,,,,,1597996800,,,2020-08-21 04:00:00,(LCK),2,0,,0
530437229,draftkings,LOL,38570,90135465,LOL $25 Double Up (LCK),2020-08-21,1,11,25.0,250.0,,,,,1597996800,,,2020-08-21 04:00:00,(LCK),2,0,,0
530437230,draftkings,LOL,38570,90135457,LOL $25 Double Up (LCK),2020-08-21,1,11,25.0,250.0,,,,,1597996800,,,2020-08-21 04:00:00,(LCK),2,0,,0
530437231,draftkings,LOL,38570,90135456,LOL $25 Double Up (LCK),2020-08-21,1,11,25.0,250.0,,,,,1597996800,,,2020-08-21 04:00:00,(LCK),2,0,,0
530437232,draftkings,LOL,38570,90135460,LOL $10 Double Up (LCK),2020-08-21,1,11,10.0,100.0,,,,,1597996800,,,2020-08-21 04:00:00,(LCK),2,0,,0
530437233,draftkings,LOL,38570,90135459,LOL $10 Double Up (LCK),2020-08-21,1,11,10.0,100.0,,,,,1597996800,,,2020-08-21 04:00:00,(LCK),2,0,,0
530437234,draftkings,LOL,38570,90135458,LOL $10 Double Up (LCK),2020-08-21,1,11,10.0,100.0,,,,,1597996800,,,2020-08-21 04:00:00,(LCK),2,0,,0
530547930,draftkings,LOL,38574,90149249,LOL $25 Double Up (LEC-LCS),2020-08-21,1,11,25.0,250.0,,,,,1598025600,,,2020-08-21 12:00:00,(LEC/LCS),2,0,,0
530547931,draftkings,LOL,38574,90149246,LOL $10 Double Up (LEC-LCS),2020-08-21,1,11,10.0,100.0,,,,,1598025600,,,2020-08-21 12:00:00,(LEC/LCS),2,0,,0
530547956,draftkings,LOL,38574,90149192,LOL $50 Double Up (LEC-LCS),2020-08-21,1,11,50.0,500.0,,,,,1598025600,,,2020-08-21 12:00:00,(LEC/LCS),2,0,,0
530547958,draftkings,LOL,38574,90149190,LOL $25 Double Up (LEC-LCS),2020-08-21,1,11,25.0,250.0,,,,,1598025600,,,2020-08-21 12:00:00,(LEC/LCS),2,0,,0
530547963,draftkings,LOL,38574,90149189,LOL $10 Double Up (LEC-LCS),2020-08-21,1,11,10.0,100.0,,,,,1598025600,,,2020-08-21 12:00:00,(LEC/LCS),2,0,,0
530547968,draftkings,LOL,38574,90149194,LOL $5 Double Up (LEC-LCS),2020-08-21,1,11,5.0,50.0,,,,,1598025600,,,2020-08-21 12:00:00,(LEC/LCS),2,0,,0
530547971,draftkings,LOL,38574,90149195,LOL $3 Double Up (LEC-LCS),2020-08-21,1,11,3.0,30.0,,,,,1598025600,,,2020-08-21 12:00:00,(LEC/LCS),2,0,,0
530547980,draftkings,LOL,38574,90149196,LOL $1 Double Up (LEC-LCS),2020-08-21,1,11,1.0,10.0,,,,,1598025600,,,2020-08-21 12:00:00,(LEC/LCS),2,0,,0
528541170,fanduel,LOL,48499,48499-236454358,10-Player Contest ($2 - Top 3 Win),2020-08-21,1,10,2.0,18.0,,,,,1598025600,,,2020-08-21 12:00:00,LEC LCS Playoffs,2,0,,0
528541175,fanduel,LOL,48499,48499-236454356,10-Player Contest ($1 - Top 3 Win),2020-08-21,1,10,1.0,9.0,,,,,1598025600,,,2020-08-21 12:00:00,LEC LCS Playoffs,2,0,,0
528541176,fanduel,LOL,48499,48499-236454360,10-Player Contest ($5 - Top 3 Win),2020-08-21,1,10,5.0,45.0,,,,,1598025600,,,2020-08-21 12:00:00,LEC LCS Playoffs,2,0,,0
528541178,fanduel,LOL,48499,48499-236454369,10-Player Contest ($5300 - Top 3 Win),2020-08-21,1,10,5300.0,50000.0,,,,,1598025600,,,2020-08-21 12:00:00,LEC LCS Playoffs,2,0,,0
528541181,fanduel,LOL,48499,48499-236454362,10-Player Contest ($25 - Top 3 Win),2020-08-21,1,10,25.0,225.0,,,,,1598025600,,,2020-08-21 12:00:00,LEC LCS Playoffs,2,0,,0
528541182,fanduel,LOL,48499,48499-236454361,10-Player Contest ($10 - Top 3 Win),2020-08-21,1,10,10.0,90.0,,,,,1598025600,,,2020-08-21 12:00:00,LEC LCS Playoffs,2,0,,0
528541183,fanduel,LOL,48499,48499-236454364,10-Player Contest ($109 - Top 3 Win),2020-08-21,1,10,109.0,1000.0,,,,,1598025600,,,2020-08-21 12:00:00,LEC LCS Playoffs,2,0,,0
528541184,fanduel,LOL,48499,48499-236454363,10-Player Contest ($50 - Top 3 Win),2020-08-21,1,10,50.0,450.0,,,,,1598025600,,,2020-08-21 12:00:00,LEC LCS Playoffs,2,0,,0
528541185,fanduel,LOL,48499,48499-236454366,10-Player Contest ($530 - Top 3 Win),2020-08-21,1,10,530.0,5000.0,,,,,1598025600,,,2020-08-21 12:00:00,LEC LCS Playoffs,2,0,,0
528541186,fanduel,LOL,48499,48499-236454365,10-Player Contest ($270 - Top 3 Win),2020-08-21,1,10,270.0,2500.0,,,,,1598025600,,,2020-08-21 12:00:00,LEC LCS Playoffs,2,0,,0
528541187,fanduel,LOL,48499,48499-236454368,10-Player Contest ($2660 - Top 3 Win),2020-08-21,1,10,2660.0,25000.0,,,,,1598025600,,,2020-08-21 12:00:00,LEC LCS Playoffs,2,0,,0
528541188,fanduel,LOL,48499,48499-236454367,10-Player Contest ($1060 - Top 3 Win),2020-08-21,1,10,1060.0,10000.0,,,,,1598025600,,,2020-08-21 12:00:00,LEC LCS Playoffs,2,0,,0
528541204,fanduel,LOL,48499,48499-236454677,50/50 Contest ($530 - Top 50% Win),2020-08-21,1,10,530.0,5000.0,,,,,1598025600,,,2020-08-21 12:00:00,LEC LCS Playoffs,2,0,,0
528541212,fanduel,LOL,48499,48499-236454680,50/50 Contest ($1060 - Top 50% Win),2020-08-21,1,10,1060.0,10000.0,,,,,1598025600,,,2020-08-21 12:00:00,LEC LCS Playoffs,2,0,,0
528541214,fanduel,LOL,48499,48499-236454671,50/50 Contest ($50 - Top 50% Win),2020-08-21,1,10,50.0,450.0,,,,,1598025600,,,2020-08-21 12:00:00,LEC LCS Playoffs,2,0,,0
528541217,fanduel,LOL,48499,48499-236454673,50/50 Contest ($109 - Top 50% Win),2020-08-21,1,10,109.0,1000.0,,,,,1598025600,,,2020-08-21 12:00:00,LEC LCS Playoffs,2,0,,0
528541220,fanduel,LOL,48499,48499-236454675,50/50 Contest ($270 - Top 50% Win),2020-08-21,1,10,270.0,2500.0,,,,,1598025600,,,2020-08-21 12:00:00,LEC LCS Playoffs,2,0,,0
528541222,fanduel,LOL,48499,48499-236454683,$300 LOL Elder Drake,2020-08-21,1,10,33.0,300.0,,,,,1598025600,,,2020-08-21 12:00:00,LEC LCS Playoffs,2,0,,0
529241760,fanduel,LOL,48499,48499-236454359,10-Player Contest ($2 - Top 3 Win),2020-08-21,1,10,2.0,18.0,,,,,1598025600,,,2020-08-21 12:00:00,LEC LCS Playoffs,2,0,,0
529241766,fanduel,LOL,48499,48499-236454357,10-Player Contest ($1 - Top 3 Win),2020-08-21,1,10,1.0,9.0,,,,,1598025600,,,2020-08-21 12:00:00,LEC LCS Playoffs,2,0,,0
530036404,fanduel,LOL,48505,48505-236578478,50/50 Contest ($270 - Top 50% Win),2020-08-21,1,10,270.0,2500.0,,,,,1597996800,,,2020-08-21 04:00:00,LCK Main,2,0,,0
530036410,fanduel,LOL,48505,48505-236578474,50/50 Contest ($50 - Top 50% Win),2020-08-21,1,10,50.0,450.0,,,,,1597996800,,,2020-08-21 04:00:00,LCK Main,2,0,,0
530036414,fanduel,LOL,48505,48505-236578476,50/50 Contest ($109 - Top 50% Win),2020-08-21,1,10,109.0,1000.0,,,,,1597996800,,,2020-08-21 04:00:00,LCK Main,2,0,,0
530036430,fanduel,LOL,48505,48505-236578483,50/50 Contest ($1060 - Top 50% Win),2020-08-21,1,10,1060.0,10000.0,,,,,1597996800,,,2020-08-21 04:00:00,LCK Main,2,0,,0
530036436,fanduel,LOL,48505,48505-236578480,50/50 Contest ($530 - Top 50% Win),2020-08-21,1,10,530.0,5000.0,,,,,1597996800,,,2020-08-21 04:00:00,LCK Main,2,0,,0
530036464,fanduel,LOL,48505,48505-236578438,10-Player Contest ($109 - Top 3 Win),2020-08-21,1,10,109.0,1000.0,,,,,1597996800,,,2020-08-21 04:00:00,LCK Main,2,0,,0
530036466,fanduel,LOL,48505,48505-236578439,10-Player Contest ($270 - Top 3 Win),2020-08-21,1,10,270.0,2500.0,,,,,1597996800,,,2020-08-21 04:00:00,LCK Main,2,0,,0
530036468,fanduel,LOL,48505,48505-236578434,10-Player Contest ($5 - Top 3 Win),2020-08-21,1,10,5.0,45.0,,,,,1597996800,,,2020-08-21 04:00:00,LCK Main,2,0,,0
530036470,fanduel,LOL,48505,48505-236578435,10-Player Contest ($10 - Top 3 Win),2020-08-21,1,10,10.0,90.0,,,,,1597996800,,,2020-08-21 04:00:00,LCK Main,2,0,,0
530036472,fanduel,LOL,48505,48505-236578436,10-Player Contest ($25 - Top 3 Win),2020-08-21,1,10,25.0,225.0,,,,,1597996800,,,2020-08-21 04:00:00,LCK Main,2,0,,0
530036474,fanduel,LOL,48505,48505-236578437,10-Player Contest ($50 - Top 3 Win),2020-08-21,1,10,50.0,450.0,,,,,1597996800,,,2020-08-21 04:00:00,LCK Main,2,0,,0
530036476,fanduel,LOL,48505,48505-236578430,10-Player Contest ($1 - Top 3 Win),2020-08-21,1,10,1.0,9.0,,,,,1597996800,,,2020-08-21 04:00:00,LCK Main,2,0,,0
530036478,fanduel,LOL,48505,48505-236578432,10-Player Contest ($2 - Top 3 Win),2020-08-21,1,10,2.0,18.0,,,,,1597996800,,,2020-08-21 04:00:00,LCK Main,2,0,,0
530036500,fanduel,LOL,48505,48505-236578441,10-Player Contest ($1060 - Top 3 Win),2020-08-21,1,10,1060.0,10000.0,,,,,1597996800,,,2020-08-21 04:00:00,LCK Main,2,0,,0
530036502,fanduel,LOL,48505,48505-236578442,10-Player Contest ($2660 - Top 3 Win),2020-08-21,1,10,2660.0,25000.0,,,,,1597996800,,,2020-08-21 04:00:00,LCK Main,2,0,,0
530036504,fanduel,LOL,48505,48505-236578443,10-Player Contest ($5300 - Top 3 Win),2020-08-21,1,10,5300.0,50000.0,,,,,1597996800,,,2020-08-21 04:00:00,LCK Main,2,0,,0
530036506,fanduel,LOL,48505,48505-236578440,10-Player Contest ($530 - Top 3 Win),2020-08-21,1,10,530.0,5000.0,,,,,1597996800,,,2020-08-21 04:00:00,LCK Main,2,0,,0
530424517,draftkings,LOL,38570,90134945,LOL $3 Ticket SUPERSatellite [3x] [Must Fill] (LCK),2020-08-21,1,10,1.0,9.0,,,,,1597996800,,,2020-08-21 04:00:00,(LCK),2,0,,0
530424518,draftkings,LOL,38570,90134944,Beginner LOL $5 50-50 (LCK),2020-08-21,1,10,5.0,45.0,,,,,1597996800,,,2020-08-21 04:00:00,(LCK),2,0,,0
530424520,draftkings,LOL,38570,90134941,Beginner LOL $3 50-50 (LCK),2020-08-21,1,10,3.0,27.0,,,,,1597996800,,,2020-08-21 04:00:00,(LCK),2,0,,0
530424522,draftkings,LOL,38570,90134942,Beginner LOL $1 50-50 (LCK),2020-08-21,1,10,1.0,9.0,,,,,1597996800,,,2020-08-21 04:00:00,(LCK),2,0,,0
530424544,draftkings,LOL,38570,90134936,LOL $5 50-50 (LCK),2020-08-21,1,10,5.0,45.0,,,,,1597996800,,,2020-08-21 04:00:00,(LCK),2,0,,0
530424549,draftkings,LOL,38570,90134943,LOL $3 50-50 (LCK),2020-08-21,1,10,3.0,27.0,,,,,1597996800,,,2020-08-21 04:00:00,(LCK),2,0,,0
530424552,draftkings,LOL,38570,90134935,LOL $2 50-50 (LCK),2020-08-21,1,10,2.0,18.0,,,,,1597996800,,,2020-08-21 04:00:00,(LCK),2,0,,0
530424556,draftkings,LOL,38570,90134934,LOL $1 50-50 (LCK),2020-08-21,1,10,1.0,9.0,,,,,1597996800,,,2020-08-21 04:00:00,(LCK),2,0,,0
530424562,draftkings,LOL,38570,90134939,Step 3 [$25 LOL 10-Player] (LCK),2020-08-21,1,10,25.0,226.0,,,,,1597996800,,,2020-08-21 04:00:00,(LCK),2,0,,0
530424563,draftkings,LOL,38570,90134938,Step 2 [$7 LOL 10-Player] (LCK),2020-08-21,1,10,7.0,64.0,,,,,1597996800,,,2020-08-21 04:00:00,(LCK),2,0,,0
530424564,draftkings,LOL,38570,90134937,Step 1 [$2 LOL 10-Player] (LCK),2020-08-21,1,10,2.0,18.0,,,,,1597996800,,,2020-08-21 04:00:00,(LCK),2,0,,0
530437284,draftkings,LOL,38570,90135268,LOL $1 50-50 (LCK),2020-08-21,1,10,1.0,9.0,,,,,1597996800,,,2020-08-21 04:00:00,(LCK),2,0,,0
530547937,draftkings,LOL,38574,90149170,LOL $3 Ticket SUPERSatellite [3x] [Must Fill] (LEC-LCS),2020-08-21,1,10,1.0,9.0,,,,,1598025600,,,2020-08-21 12:00:00,(LEC/LCS),2,0,,0
530547938,draftkings,LOL,38574,90149169,Beginner LOL $5 50-50 (LEC-LCS),2020-08-21,1,10,5.0,45.0,,,,,1598025600,,,2020-08-21 12:00:00,(LEC/LCS),2,0,,0
530547940,draftkings,LOL,38574,90149166,Beginner LOL $3 50-50 (LEC-LCS),2020-08-21,1,10,3.0,27.0,,,,,1598025600,,,2020-08-21 12:00:00,(LEC/LCS),2,0,,0
530547942,draftkings,LOL,38574,90149167,Beginner LOL $1 50-50 (LEC-LCS),2020-08-21,1,10,1.0,9.0,,,,,1598025600,,,2020-08-21 12:00:00,(LEC/LCS),2,0,,0
530547964,draftkings,LOL,38574,90149161,LOL $5 50-50 (LEC-LCS),2020-08-21,1,10,5.0,45.0,,,,,1598025600,,,2020-08-21 12:00:00,(LEC/LCS),2,0,,0
530547969,draftkings,LOL,38574,90149168,LOL $3 50-50 (LEC-LCS),2020-08-21,1,10,3.0,27.0,,,,,1598025600,,,2020-08-21 12:00:00,(LEC/LCS),2,0,,0
530547972,draftkings,LOL,38574,90149160,LOL $2 50-50 (LEC-LCS),2020-08-21,1,10,2.0,18.0,,,,,1598025600,,,2020-08-21 12:00:00,(LEC/LCS),2,0,,0
530547976,draftkings,LOL,38574,90149159,LOL $1 50-50 (LEC-LCS),2020-08-21,1,10,1.0,9.0,,,,,1598025600,,,2020-08-21 12:00:00,(LEC/LCS),2,0,,0
530547982,draftkings,LOL,38574,90149164,Step 3 [$25 LOL 10-Player] (LEC-LCS),2020-08-21,1,10,25.0,226.0,,,,,1598025600,,,2020-08-21 12:00:00,(LEC/LCS),2,0,,0
530547983,draftkings,LOL,38574,90149163,Step 2 [$7 LOL 10-Player] (LEC-LCS),2020-08-21,1,10,7.0,64.0,,,,,1598025600,,,2020-08-21 12:00:00,(LEC/LCS),2,0,,0
530547984,draftkings,LOL,38574,90149162,Step 1 [$2 LOL 10-Player] (LEC-LCS),2020-08-21,1,10,2.0,18.0,,,,,1598025600,,,2020-08-21 12:00:00,(LEC/LCS),2,0,,0
530036440,fanduel,LOL,48505,48505-236579216,$800 Fri LOL Baron,2020-08-21,1,9,100.0,800.0,,,,,1597996800,,,2020-08-21 04:00:00,LCK Main,2,0,,0
530547921,draftkings,LOL,38574,90149066,LOL $400 Counter Gank [Single Entry] (LEC-LCS),2020-08-21,1,9,50.0,400.0,,,,,1598025600,,,2020-08-21 12:00:00,(LEC/LCS),2,0,,0
530547914,draftkings,LOL,38574,90149062,LOL $1.6K Power Gauntlet [Single Entry] (LEC-LCS),2020-08-21,1,8,222.0,1600.0,,,,,1598025600,,,2020-08-21 12:00:00,(LEC/LCS),2,0,,0
528541208,fanduel,LOL,48499,48499-236454679,50/50 Contest ($1060 - Top 50% Win),2020-08-21,1,6,1060.0,6000.0,,,,,1598025600,,,2020-08-21 12:00:00,LEC LCS Playoffs,2,0,,0
530036424,fanduel,LOL,48505,48505-236578482,50/50 Contest ($1060 - Top 50% Win),2020-08-21,1,6,1060.0,6000.0,,,,,1597996800,,,2020-08-21 04:00:00,LCK Main,2,0,,0
530424561,draftkings,LOL,38570,90134940,Step 4 [$88 LOL 6-Player] (LCK),2020-08-21,1,6,88.0,488.0,,,,,1597996800,,,2020-08-21 04:00:00,(LCK),2,0,,0
530547981,draftkings,LOL,38574,90149165,Step 4 [$88 LOL 6-Player] (LEC-LCS),2020-08-21,1,6,88.0,488.0,,,,,1598025600,,,2020-08-21 12:00:00,(LEC/LCS),2,0,,0
528541162,fanduel,LOL,48499,48499-236454348,5-Player Contest ($109),2020-08-21,1,5,109.0,500.0,,,,,1598025600,,,2020-08-21 12:00:00,LEC LCS Playoffs,2,0,,0
528541163,fanduel,LOL,48499,48499-236454347,5-Player Contest ($50),2020-08-21,1,5,50.0,225.0,,,,,1598025600,,,2020-08-21 12:00:00,LEC LCS Playoffs,2,0,,0
528541164,fanduel,LOL,48499,48499-236454349,5-Player Contest ($270),2020-08-21,1,5,270.0,1250.0,,,,,1598025600,,,2020-08-21 12:00:00,LEC LCS Playoffs,2,0,,0
528541165,fanduel,LOL,48499,48499-236454340,5-Player Contest ($1),2020-08-21,1,5,1.0,4.5,,,,,1598025600,,,2020-08-21 12:00:00,LEC LCS Playoffs,2,0,,0
528541166,fanduel,LOL,48499,48499-236454342,5-Player Contest ($2),2020-08-21,1,5,2.0,9.0,,,,,1598025600,,,2020-08-21 12:00:00,LEC LCS Playoffs,2,0,,0
528541167,fanduel,LOL,48499,48499-236454344,5-Player Contest ($5),2020-08-21,1,5,5.0,22.5,,,,,1598025600,,,2020-08-21 12:00:00,LEC LCS Playoffs,2,0,,0
528541168,fanduel,LOL,48499,48499-236454346,5-Player Contest ($25),2020-08-21,1,5,25.0,112.5,,,,,1598025600,,,2020-08-21 12:00:00,LEC LCS Playoffs,2,0,,0
528541169,fanduel,LOL,48499,48499-236454345,5-Player Contest ($10),2020-08-21,1,5,10.0,45.0,,,,,1598025600,,,2020-08-21 12:00:00,LEC LCS Playoffs,2,0,,0
528541171,fanduel,LOL,48499,48499-236454351,5-Player Contest ($1060),2020-08-21,1,5,1060.0,5000.0,,,,,1598025600,,,2020-08-21 12:00:00,LEC LCS Playoffs,2,0,,0
528541172,fanduel,LOL,48499,48499-236454350,5-Player Contest ($530),2020-08-21,1,5,530.0,2500.0,,,,,1598025600,,,2020-08-21 12:00:00,LEC LCS Playoffs,2,0,,0
528541173,fanduel,LOL,48499,48499-236454353,5-Player Contest ($5300),2020-08-21,1,5,5300.0,25000.0,,,,,1598025600,,,2020-08-21 12:00:00,LEC LCS Playoffs,2,0,,0
528541174,fanduel,LOL,48499,48499-236454352,5-Player Contest ($2660),2020-08-21,1,5,2660.0,12500.0,,,,,1598025600,,,2020-08-21 12:00:00,LEC LCS Playoffs,2,0,,0
528541224,fanduel,LOL,48499,48499-236454684,$450 LOL Baron,2020-08-21,1,5,100.0,450.0,,,,,1598025600,,,2020-08-21 12:00:00,LEC LCS Playoffs,2,0,,0
529241755,fanduel,LOL,48499,48499-236454341,5-Player Contest ($1),2020-08-21,1,5,1.0,4.5,,,,,1598025600,,,2020-08-21 12:00:00,LEC LCS Playoffs,2,0,,0
529241757,fanduel,LOL,48499,48499-236454343,5-Player Contest ($2),2020-08-21,1,5,2.0,9.0,,,,,1598025600,,,2020-08-21 12:00:00,LEC LCS Playoffs,2,0,,0
530036508,fanduel,LOL,48505,48505-236578417,5-Player Contest ($5),2020-08-21,1,5,5.0,22.5,,,,,1597996800,,,2020-08-21 04:00:00,LCK Main,2,0,,0
530036510,fanduel,LOL,48505,48505-236578418,5-Player Contest ($10),2020-08-21,1,5,10.0,45.0,,,,,1597996800,,,2020-08-21 04:00:00,LCK Main,2,0,,0
530036512,fanduel,LOL,48505,48505-236578419,5-Player Contest ($25),2020-08-21,1,5,25.0,112.5,,,,,1597996800,,,2020-08-21 04:00:00,LCK Main,2,0,,0
530036516,fanduel,LOL,48505,48505-236578413,5-Player Contest ($1),2020-08-21,1,5,1.0,4.5,,,,,1597996800,,,2020-08-21 04:00:00,LCK Main,2,0,,0
530036518,fanduel,LOL,48505,48505-236578415,5-Player Contest ($2),2020-08-21,1,5,2.0,9.0,,,,,1597996800,,,2020-08-21 04:00:00,LCK Main,2,0,,0
530036533,fanduel,LOL,48505,48505-236578427,5-Player Contest ($5300),2020-08-21,1,5,5300.0,25000.0,,,,,1597996800,,,2020-08-21 04:00:00,LCK Main,2,0,,0
530036535,fanduel,LOL,48505,48505-236578423,5-Player Contest ($270),2020-08-21,1,5,270.0,1250.0,,,,,1597996800,,,2020-08-21 04:00:00,LCK Main,2,0,,0
530036537,fanduel,LOL,48505,48505-236578424,5-Player Contest ($530),2020-08-21,1,5,530.0,2500.0,,,,,1597996800,,,2020-08-21 04:00:00,LCK Main,2,0,,0
530036539,fanduel,LOL,48505,48505-236578425,5-Player Contest ($1060),2020-08-21,1,5,1060.0,5000.0,,,,,1597996800,,,2020-08-21 04:00:00,LCK Main,2,0,,0
530036541,fanduel,LOL,48505,48505-236578426,5-Player Contest ($2660),2020-08-21,1,5,2660.0,12500.0,,,,,1597996800,,,2020-08-21 04:00:00,LCK Main,2,0,,0
530036543,fanduel,LOL,48505,48505-236578420,5-Player Contest ($50),2020-08-21,1,5,50.0,225.0,,,,,1597996800,,,2020-08-21 04:00:00,LCK Main,2,0,,0
530036545,fanduel,LOL,48505,48505-236578421,5-Player Contest ($109),2020-08-21,1,5,109.0,500.0,,,,,1597996800,,,2020-08-21 04:00:00,LCK Main,2,0,,0
530403334,draftkings,LOL,38570,90132896,LOL $5K Game Legend [Single Entry] (LCK),2020-08-21,1,5,1060.0,5000.0,,,,,1597996800,,,2020-08-21 04:00:00,(LCK),2,0,,0
530403336,draftkings,LOL,38570,90132890,"LOL $10K Base Destroyer [$10K to 1st, Must Fill] (LCK)",2020-08-21,1,5,2120.0,10000.0,,,,,1597996800,,,2020-08-21 04:00:00,(LCK),2,0,,0
530424546,draftkings,LOL,38570,90134927,LOL $5 5-Player (LCK),2020-08-21,1,5,5.0,22.5,,,,,1597996800,,,2020-08-21 04:00:00,(LCK),2,0,,0
530424554,draftkings,LOL,38570,90134947,LOL $2 5-Player (LCK),2020-08-21,1,5,2.0,9.0,,,,,1597996800,,,2020-08-21 04:00:00,(LCK),2,0,,0
530424558,draftkings,LOL,38570,90134926,LOL $1 5-Player (LCK),2020-08-21,1,5,1.0,4.5,,,,,1597996800,,,2020-08-21 04:00:00,(LCK),2,0,,0
530437223,draftkings,LOL,38570,90135455,LOL $25 Winner Take All [$110 to 1st] (LCK),2020-08-21,1,5,25.0,110.0,,,,,1597996800,,,2020-08-21 04:00:00,(LCK),2,0,,0
530437224,draftkings,LOL,38570,90135454,LOL $25 Winner Take All [$110 to 1st] (LCK),2020-08-21,1,5,25.0,110.0,,,,,1597996800,,,2020-08-21 04:00:00,(LCK),2,0,,0
530547928,draftkings,LOL,38574,90149253,LOL $25 Winner Take All [$110 to 1st] (LEC-LCS),2020-08-21,1,5,25.0,110.0,,,,,1598025600,,,2020-08-21 12:00:00,(LEC/LCS),2,0,,0
530547929,draftkings,LOL,38574,90149252,LOL $25 Winner Take All [$110 to 1st] (LEC-LCS),2020-08-21,1,5,25.0,110.0,,,,,1598025600,,,2020-08-21 12:00:00,(LEC/LCS),2,0,,0
530547966,draftkings,LOL,38574,90149152,LOL $5 5-Player (LEC-LCS),2020-08-21,1,5,5.0,22.5,,,,,1598025600,,,2020-08-21 12:00:00,(LEC/LCS),2,0,,0
530547974,draftkings,LOL,38574,90149172,LOL $2 5-Player (LEC-LCS),2020-08-21,1,5,2.0,9.0,,,,,1598025600,,,2020-08-21 12:00:00,(LEC/LCS),2,0,,0
530547978,draftkings,LOL,38574,90149151,LOL $1 5-Player (LEC-LCS),2020-08-21,1,5,1.0,4.5,,,,,1598025600,,,2020-08-21 12:00:00,(LEC/LCS),2,0,,0
530649128,draftkings,LOL,38570,90159389,LOL $1 5-Player (LCK),2020-08-21,1,5,1.0,4.5,,,,,1597996800,,,2020-08-21 04:00:00,(LCK),2,0,,0
530403333,draftkings,LOL,38570,90132891,LOL $555 Winner Take All [$2K to 1st],2020-08-21,1,4,555.0,2000.0,,,,,1597996800,,,2020-08-21 04:00:00,(LCK),2,0,,0
530424519,draftkings,LOL,38570,90134951,Beginner LOL $5 50-50 (LCK),2020-08-21,1,4,5.0,18.0,,,,,1597996800,,,2020-08-21 04:00:00,(LCK),2,0,,0
530424521,draftkings,LOL,38570,90134949,Beginner LOL $3 50-50 (LCK),2020-08-21,1,4,3.0,10.8,,,,,1597996800,,,2020-08-21 04:00:00,(LCK),2,0,,0
530424523,draftkings,LOL,38570,90134948,Beginner LOL $1 50-50 (LCK),2020-08-21,1,4,1.0,3.6,,,,,1597996800,,,2020-08-21 04:00:00,(LCK),2,0,,0
530424524,draftkings,LOL,38570,90134952,Casual LOL $5 50-50 (LCK),2020-08-21,1,4,5.0,18.0,,,,,1597996800,,,2020-08-21 04:00:00,(LCK),2,0,,0
530424525,draftkings,LOL,38570,90134953,Casual LOL $3 50-50 (LCK),2020-08-21,1,4,3.0,10.8,,,,,1597996800,,,2020-08-21 04:00:00,(LCK),2,0,,0
530424526,draftkings,LOL,38570,90134954,Casual LOL $1 50-50 (LCK),2020-08-21,1,4,1.0,3.6,,,,,1597996800,,,2020-08-21 04:00:00,(LCK),2,0,,0
530424527,draftkings,LOL,38570,90134963,LOL $530 50-50 (LCK),2020-08-21,1,4,530.0,2000.0,,,,,1597996800,,,2020-08-21 04:00:00,(LCK),2,0,,0
530424530,draftkings,LOL,38570,90134961,LOL $215 50-50 (LCK),2020-08-21,1,4,215.0,800.0,,,,,1597996800,,,2020-08-21 04:00:00,(LCK),2,0,,0
530424531,draftkings,LOL,38570,90134958,LOL $109 50-50 (LCK),2020-08-21,1,4,109.0,400.0,,,,,1597996800,,,2020-08-21 04:00:00,(LCK),2,0,,0
530424533,draftkings,LOL,38570,90134933,LOL $50 50-50 (LCK),2020-08-21,1,4,50.0,180.0,,,,,1597996800,,,2020-08-21 04:00:00,(LCK),2,0,,0
530424539,draftkings,LOL,38570,90134932,LOL $20 50-50 (LCK),2020-08-21,1,4,20.0,72.0,,,,,1597996800,,,2020-08-21 04:00:00,(LCK),2,0,,0
530424541,draftkings,LOL,38570,90134931,LOL $10 50-50 (LCK),2020-08-21,1,4,10.0,36.0,,,,,1597996800,,,2020-08-21 04:00:00,(LCK),2,0,,0
530424545,draftkings,LOL,38570,90134930,LOL $5 50-50 (LCK),2020-08-21,1,4,5.0,18.0,,,,,1597996800,,,2020-08-21 04:00:00,(LCK),2,0,,0
530424550,draftkings,LOL,38570,90134950,LOL $3 50-50 (LCK),2020-08-21,1,4,3.0,10.8,,,,,1597996800,,,2020-08-21 04:00:00,(LCK),2,0,,0
530424553,draftkings,LOL,38570,90134929,LOL $2 50-50 (LCK),2020-08-21,1,4,2.0,7.2,,,,,1597996800,,,2020-08-21 04:00:00,(LCK),2,0,,0
530424557,draftkings,LOL,38570,90134928,LOL $1 50-50 (LCK),2020-08-21,1,4,1.0,3.6,,,,,1597996800,,,2020-08-21 04:00:00,(LCK),2,0,,0
530437214,draftkings,LOL,38570,90135463,LOL $267 Winner Take All [$1K to 1st] (LCK),2020-08-21,1,4,267.0,1000.0,,,,,1597996800,,,2020-08-21 04:00:00,(LCK),2,0,,0
530437215,draftkings,LOL,38570,90135453,LOL $85 Winner Take All [$300 to 1st] (LCK),2020-08-21,1,4,85.0,300.0,,,,,1597996800,,,2020-08-21 04:00:00,(LCK),2,0,,0
530437216,draftkings,LOL,38570,90135452,LOL $85 Winner Take All [$300 to 1st] (LCK),2020-08-21,1,4,85.0,300.0,,,,,1597996800,,,2020-08-21 04:00:00,(LCK),2,0,,0
530547918,draftkings,LOL,38574,90149247,LOL $267 Winner Take All [$1K to 1st] (LEC-LCS),2020-08-21,1,4,267.0,1000.0,,,,,1598025600,,,2020-08-21 12:00:00,(LEC/LCS),2,0,,0
530547923,draftkings,LOL,38574,90149248,LOL $85 Winner Take All [$300 to 1st] (LEC-LCS),2020-08-21,1,4,85.0,300.0,,,,,1598025600,,,2020-08-21 12:00:00,(LEC/LCS),2,0,,0
530547939,draftkings,LOL,38574,90149176,Beginner LOL $5 50-50 (LEC-LCS),2020-08-21,1,4,5.0,18.0,,,,,1598025600,,,2020-08-21 12:00:00,(LEC/LCS),2,0,,0
530547941,draftkings,LOL,38574,90149174,Beginner LOL $3 50-50 (LEC-LCS),2020-08-21,1,4,3.0,10.8,,,,,1598025600,,,2020-08-21 12:00:00,(LEC/LCS),2,0,,0
530547943,draftkings,LOL,38574,90149173,Beginner LOL $1 50-50 (LEC-LCS),2020-08-21,1,4,1.0,3.6,,,,,1598025600,,,2020-08-21 12:00:00,(LEC/LCS),2,0,,0
530547944,draftkings,LOL,38574,90149177,Casual LOL $5 50-50 (LEC-LCS),2020-08-21,1,4,5.0,18.0,,,,,1598025600,,,2020-08-21 12:00:00,(LEC/LCS),2,0,,0
530547945,draftkings,LOL,38574,90149178,Casual LOL $3 50-50 (LEC-LCS),2020-08-21,1,4,3.0,10.8,,,,,1598025600,,,2020-08-21 12:00:00,(LEC/LCS),2,0,,0
530547946,draftkings,LOL,38574,90149179,Casual LOL $1 50-50 (LEC-LCS),2020-08-21,1,4,1.0,3.6,,,,,1598025600,,,2020-08-21 12:00:00,(LEC/LCS),2,0,,0
530547947,draftkings,LOL,38574,90149188,LOL $530 50-50 (LEC-LCS),2020-08-21,1,4,530.0,2000.0,,,,,1598025600,,,2020-08-21 12:00:00,(LEC/LCS),2,0,,0
530547950,draftkings,LOL,38574,90149186,LOL $215 50-50 (LEC-LCS),2020-08-21,1,4,215.0,800.0,,,,,1598025600,,,2020-08-21 12:00:00,(LEC/LCS),2,0,,0
530547951,draftkings,LOL,38574,90149183,LOL $109 50-50 (LEC-LCS),2020-08-21,1,4,109.0,400.0,,,,,1598025600,,,2020-08-21 12:00:00,(LEC/LCS),2,0,,0
530547953,draftkings,LOL,38574,90149158,LOL $50 50-50 (LEC-LCS),2020-08-21,1,4,50.0,180.0,,,,,1598025600,,,2020-08-21 12:00:00,(LEC/LCS),2,0,,0
530547959,draftkings,LOL,38574,90149157,LOL $20 50-50 (LEC-LCS),2020-08-21,1,4,20.0,72.0,,,,,1598025600,,,2020-08-21 12:00:00,(LEC/LCS),2,0,,0
530547961,draftkings,LOL,38574,90149156,LOL $10 50-50 (LEC-LCS),2020-08-21,1,4,10.0,36.0,,,,,1598025600,,,2020-08-21 12:00:00,(LEC/LCS),2,0,,0
530547965,draftkings,LOL,38574,90149155,LOL $5 50-50 (LEC-LCS),2020-08-21,1,4,5.0,18.0,,,,,1598025600,,,2020-08-21 12:00:00,(LEC/LCS),2,0,,0
530547970,draftkings,LOL,38574,90149175,LOL $3 50-50 (LEC-LCS),2020-08-21,1,4,3.0,10.8,,,,,1598025600,,,2020-08-21 12:00:00,(LEC/LCS),2,0,,0
530547973,draftkings,LOL,38574,90149154,LOL $2 50-50 (LEC-LCS),2020-08-21,1,4,2.0,7.2,,,,,1598025600,,,2020-08-21 12:00:00,(LEC/LCS),2,0,,0
530547977,draftkings,LOL,38574,90149153,LOL $1 50-50 (LEC-LCS),2020-08-21,1,4,1.0,3.6,,,,,1598025600,,,2020-08-21 12:00:00,(LEC/LCS),2,0,,0
530568952,draftkings,LOL,38570,90150608,LOL $3 50-50 (LCK),2020-08-21,1,4,3.0,10.8,,,,,1597996800,,,2020-08-21 04:00:00,(LCK),2,0,,0
528541177,fanduel,LOL,48499,48499-236454325,3-Player Contest ($1),2020-08-21,1,3,1.0,2.7,,,,,1598025600,,,2020-08-21 12:00:00,LEC LCS Playoffs,2,0,,0
528541179,fanduel,LOL,48499,48499-236454327,3-Player Contest ($2),2020-08-21,1,3,2.0,5.4,,,,,1598025600,,,2020-08-21 12:00:00,LEC LCS Playoffs,2,0,,0
528541180,fanduel,LOL,48499,48499-236454329,3-Player Contest ($5),2020-08-21,1,3,5.0,13.5,,,,,1598025600,,,2020-08-21 12:00:00,LEC LCS Playoffs,2,0,,0
528541189,fanduel,LOL,48499,48499-236454337,3-Player Contest ($530),2020-08-21,1,3,530.0,1500.0,,,,,1598025600,,,2020-08-21 12:00:00,LEC LCS Playoffs,2,0,,0
528541191,fanduel,LOL,48499,48499-236454331,3-Player Contest ($10),2020-08-21,1,3,10.0,27.0,,,,,1598025600,,,2020-08-21 12:00:00,LEC LCS Playoffs,2,0,,0
528541195,fanduel,LOL,48499,48499-236454333,3-Player Contest ($50),2020-08-21,1,3,50.0,135.0,,,,,1598025600,,,2020-08-21 12:00:00,LEC LCS Playoffs,2,0,,0
528541196,fanduel,LOL,48499,48499-236454332,3-Player Contest ($25),2020-08-21,1,3,25.0,67.5,,,,,1598025600,,,2020-08-21 12:00:00,LEC LCS Playoffs,2,0,,0
528541197,fanduel,LOL,48499,48499-236454335,3-Player Contest ($270),2020-08-21,1,3,270.0,750.0,,,,,1598025600,,,2020-08-21 12:00:00,LEC LCS Playoffs,2,0,,0
528541199,fanduel,LOL,48499,48499-236454334,3-Player Contest ($109),2020-08-21,1,3,109.0,300.0,,,,,1598025600,,,2020-08-21 12:00:00,LEC LCS Playoffs,2,0,,0
529241769,fanduel,LOL,48499,48499-236454326,3-Player Contest ($1),2020-08-21,1,3,1.0,2.7,,,,,1598025600,,,2020-08-21 12:00:00,LEC LCS Playoffs,2,0,,0
529241772,fanduel,LOL,48499,48499-236454328,3-Player Contest ($2),2020-08-21,1,3,2.0,5.4,,,,,1598025600,,,2020-08-21 12:00:00,LEC LCS Playoffs,2,0,,0
529241788,fanduel,LOL,48499,48499-236454330,3-Player Contest ($5),2020-08-21,1,3,5.0,13.5,,,,,1598025600,,,2020-08-21 12:00:00,LEC LCS Playoffs,2,0,,0
530036480,fanduel,LOL,48505,48505-236578399,3-Player Contest ($1),2020-08-21,1,3,1.0,2.7,,,,,1597996800,,,2020-08-21 04:00:00,LCK Main,2,0,,0
530036482,fanduel,LOL,48505,48505-236578409,3-Player Contest ($270),2020-08-21,1,3,270.0,750.0,,,,,1597996800,,,2020-08-21 04:00:00,LCK Main,2,0,,0
530036484,fanduel,LOL,48505,48505-236578405,3-Player Contest ($10),2020-08-21,1,3,10.0,27.0,,,,,1597996800,,,2020-08-21 04:00:00,LCK Main,2,0,,0
530036486,fanduel,LOL,48505,48505-236578406,3-Player Contest ($25),2020-08-21,1,3,25.0,67.5,,,,,1597996800,,,2020-08-21 04:00:00,LCK Main,2,0,,0
530036488,fanduel,LOL,48505,48505-236578407,3-Player Contest ($50),2020-08-21,1,3,50.0,135.0,,,,,1597996800,,,2020-08-21 04:00:00,LCK Main,2,0,,0
530036490,fanduel,LOL,48505,48505-236578408,3-Player Contest ($109),2020-08-21,1,3,109.0,300.0,,,,,1597996800,,,2020-08-21 04:00:00,LCK Main,2,0,,0
530036492,fanduel,LOL,48505,48505-236578401,3-Player Contest ($2),2020-08-21,1,3,2.0,5.4,,,,,1597996800,,,2020-08-21 04:00:00,LCK Main,2,0,,0
530036496,fanduel,LOL,48505,48505-236578403,3-Player Contest ($5),2020-08-21,1,3,5.0,13.5,,,,,1597996800,,,2020-08-21 04:00:00,LCK Main,2,0,,0
530036524,fanduel,LOL,48505,48505-236578410,3-Player Contest ($530),2020-08-21,1,3,530.0,1500.0,,,,,1597996800,,,2020-08-21 04:00:00,LCK Main,2,0,,0
530424528,draftkings,LOL,38570,90134962,LOL $530 3-Player (LCK),2020-08-21,1,3,530.0,1500.0,,,,,1597996800,,,2020-08-21 04:00:00,(LCK),2,0,,0
530424529,draftkings,LOL,38570,90134960,LOL $215 3-Player (LCK),2020-08-21,1,3,215.0,600.0,,,,,1597996800,,,2020-08-21 04:00:00,(LCK),2,0,,0
530424532,draftkings,LOL,38570,90134959,LOL $109 3-Player (LCK),2020-08-21,1,3,109.0,300.0,,,,,1597996800,,,2020-08-21 04:00:00,(LCK),2,0,,0
530424534,draftkings,LOL,38570,90134957,LOL $50 3-Player (LCK),2020-08-21,1,3,50.0,135.0,,,,,1597996800,,,2020-08-21 04:00:00,(LCK),2,0,,0
530424540,draftkings,LOL,38570,90134956,LOL $20 3-Player (LCK),2020-08-21,1,3,20.0,54.0,,,,,1597996800,,,2020-08-21 04:00:00,(LCK),2,0,,0
530424542,draftkings,LOL,38570,90134955,LOL $10 3-Player (LCK),2020-08-21,1,3,10.0,27.0,,,,,1597996800,,,2020-08-21 04:00:00,(LCK),2,0,,0
530424547,draftkings,LOL,38570,90134925,LOL $5 3-Player (LCK),2020-08-21,1,3,5.0,13.5,,,,,1597996800,,,2020-08-21 04:00:00,(LCK),2,0,,0
530424555,draftkings,LOL,38570,90134946,LOL $2 3-Player (LCK),2020-08-21,1,3,2.0,5.4,,,,,1597996800,,,2020-08-21 04:00:00,(LCK),2,0,,0
530424559,draftkings,LOL,38570,90134924,LOL $1 3-Player (LCK),2020-08-21,1,3,1.0,2.7,,,,,1597996800,,,2020-08-21 04:00:00,(LCK),2,0,,0
530547919,draftkings,LOL,38574,90149060,"LOL $1,060 Winner Take All [$3K to 1st] (Must Fill) (LEC-LCS)",2020-08-21,1,3,1060.0,3000.0,,,,,1598025600,,,2020-08-21 12:00:00,(LEC/LCS),2,0,,0
530547948,draftkings,LOL,38574,90149187,LOL $530 3-Player (LEC-LCS),2020-08-21,1,3,530.0,1500.0,,,,,1598025600,,,2020-08-21 12:00:00,(LEC/LCS),2,0,,0
530547949,draftkings,LOL,38574,90149185,LOL $215 3-Player (LEC-LCS),2020-08-21,1,3,215.0,600.0,,,,,1598025600,,,2020-08-21 12:00:00,(LEC/LCS),2,0,,0
530547952,draftkings,LOL,38574,90149184,LOL $109 3-Player (LEC-LCS),2020-08-21,1,3,109.0,300.0,,,,,1598025600,,,2020-08-21 12:00:00,(LEC/LCS),2,0,,0
530547954,draftkings,LOL,38574,90149182,LOL $50 3-Player (LEC-LCS),2020-08-21,1,3,50.0,135.0,,,,,1598025600,,,2020-08-21 12:00:00,(LEC/LCS),2,0,,0
530547960,draftkings,LOL,38574,90149181,LOL $20 3-Player (LEC-LCS),2020-08-21,1,3,20.0,54.0,,,,,1598025600,,,2020-08-21 12:00:00,(LEC/LCS),2,0,,0
530547962,draftkings,LOL,38574,90149180,LOL $10 3-Player (LEC-LCS),2020-08-21,1,3,10.0,27.0,,,,,1598025600,,,2020-08-21 12:00:00,(LEC/LCS),2,0,,0
530547967,draftkings,LOL,38574,90149150,LOL $5 3-Player (LEC-LCS),2020-08-21,1,3,5.0,13.5,,,,,1598025600,,,2020-08-21 12:00:00,(LEC/LCS),2,0,,0
530547975,draftkings,LOL,38574,90149171,LOL $2 3-Player (LEC-LCS),2020-08-21,1,3,2.0,5.4,,,,,1598025600,,,2020-08-21 12:00:00,(LEC/LCS),2,0,,0
530547979,draftkings,LOL,38574,90149149,LOL $1 3-Player (LEC-LCS),2020-08-21,1,3,1.0,2.7,,,,,1598025600,,,2020-08-21 12:00:00,(LEC/LCS),2,0,,0
530649129,draftkings,LOL,38570,90159388,LOL $1 3-Player (LCK),2020-08-21,1,3,1.0,2.7,,,,,1597996800,,,2020-08-21 04:00:00,(LCK),2,0,,0
528541225,fanduel,LOL,48499,7826873-90814-48499,H2H vs. avalanche2025,2020-08-21,1,2,270.0,500.0,,,,,1598025600,,,2020-08-21 12:00:00,LEC LCS Playoffs,2,0,,0
528541226,fanduel,LOL,48499,7826873-90810-48499,H2H vs. avalanche2025,2020-08-21,1,2,109.0,200.0,,,,,1598025600,,,2020-08-21 12:00:00,LEC LCS Playoffs,2,0,,0
529241743,fanduel,LOL,48499,139538-5553-48499,H2H vs. wacokid5,2020-08-21,1,2,2.0,3.6,,,,,1598025600,,,2020-08-21 12:00:00,LEC LCS Playoffs,2,0,,0
529241744,fanduel,LOL,48499,139538-2-48499,H2H vs. wacokid5,2020-08-21,1,2,5.0,9.0,,,,,1598025600,,,2020-08-21 12:00:00,LEC LCS Playoffs,2,0,,0
529241746,fanduel,LOL,48499,139538-3-48499,H2H vs. wacokid5,2020-08-21,1,2,10.0,18.0,,,,,1598025600,,,2020-08-21 12:00:00,LEC LCS Playoffs,2,0,,0
530036452,fanduel,LOL,48505,7826873-90810-48505,H2H vs. avalanche2025,2020-08-21,1,2,109.0,200.0,,,,,1597996800,,,2020-08-21 04:00:00,LCK Main,2,0,,0
530036454,fanduel,LOL,48505,7826873-90814-48505,H2H vs. avalanche2025,2020-08-21,1,2,270.0,500.0,,,,,1597996800,,,2020-08-21 04:00:00,LCK Main,2,0,,0
530036456,fanduel,LOL,48505,7826873-5-48505,H2H vs. avalanche2025,2020-08-21,1,2,50.0,90.0,,,,,1597996800,,,2020-08-21 04:00:00,LCK Main,2,0,,0
530036745,fanduel,LOL,48499,402813-5-48499,H2H vs. psufans2,2020-08-21,1,2,50.0,90.0,,,,,1598025600,,,2020-08-21 12:00:00,LEC LCS Playoffs,2,0,,0
530036746,fanduel,LOL,48499,402813-4-48499,H2H vs. psufans2,2020-08-21,1,2,25.0,45.0,,,,,1598025600,,,2020-08-21 12:00:00,LEC LCS Playoffs,2,0,,0
530036749,fanduel,LOL,48499,402813-3-48499,H2H vs. psufans2,2020-08-21,1,2,10.0,18.0,,,,,1598025600,,,2020-08-21 12:00:00,LEC LCS Playoffs,2,0,,0
530036751,fanduel,LOL,48499,402813-90810-48499,H2H vs. psufans2,2020-08-21,1,2,109.0,200.0,,,,,1598025600,,,2020-08-21 12:00:00,LEC LCS Playoffs,2,0,,0
530036752,fanduel,LOL,48499,402813-90814-48499,H2H vs. psufans2,2020-08-21,1,2,270.0,500.0,,,,,1598025600,,,2020-08-21 12:00:00,LEC LCS Playoffs,2,0,,0
530036754,fanduel,LOL,48499,402813-2-48499,H2H vs. psufans2,2020-08-21,1,2,5.0,9.0,,,,,1598025600,,,2020-08-21 12:00:00,LEC LCS Playoffs,2,0,,0
530036756,fanduel,LOL,48499,402813-90813-48499,H2H vs. psufans2,2020-08-21,1,2,530.0,1000.0,,,,,1598025600,,,2020-08-21 12:00:00,LEC LCS Playoffs,2,0,,0
